ID,Case Number,Date,Block,IUCR,Primary Type,Description,Location Description,Arrest,Domestic,Beat,District,Ward,Community Area,FBI Code,X Coordinate,Y Coordinate,Year,Updated On,Latitude,Longitude,Location
10248194,HY435891,12/23/2006 dnlk,035XX W 78TH PL,0486,BATTERY,DOMESTIC BATTERY SIMPLE,RESIDENCE,false,true,0835,008,18,70,08B,1154209,1852321,2015,09/30/2015 03:35:37 PM,41.750589561,-87.710481291,"(41.750589561, -87.710481291)"
10251162,HY435885,09/3/2015 11:50:00 PM,019XX E 73RD ST,1310,CRIMINAL DAMAGE,TO PROPERTY,APARTMENT,false,false,0333,003,5,43,14,1190610,1856955,2000,09/30/2015 03:35:37 PM,41.762505122,-87.576942753,"(41.762505122, -87.576942753)"
10248198,HY435919,09/23/2015 11:46:00 PM,069XX S HALSTED ST,502P,OTHER OFFENSE,FALSE/STOLEN/ALTERED TRP,STREET,true,false,0733,007,6,68,26,1172166,1858813,2001,09/30/2015 03:35:37 PM,41.768028862,-87.644487793,"(41.768028862, -87.644487793)"
10248242,HY435899,09/23/2015 11:41:00 PM,002XX W 95TH ST,0430,BATTERY,AGGRAVATED: OTHER DANG WEAPON,CTA BUS STOP,false,false,0634,006,21,49,04B,1176493,1841948,2002,09/30/2015 03:35:37 PM,41.721653039,-87.629133304,"(41.721653039, -87.629133304)"
10248223,HY435938,09/23/2015 11:40:00 PM,024XX N WESTERN AVE,0820,THEFT,$500 AND UNDER,STREET,true,false,1432,014,1,22,06,1159961,1915955,2003,09/30/2015 03:35:37 PM,41.925092185,-87.687650179,"(41.925092185, -87.687650179)"
10248157,HY435882,09/23/2015 11:40:00 PM,020XX W 71ST ST,3731,INTERFERENCE WITH PUBLIC OFFICER,OBSTRUCTING IDENTIFICATION,STREET,true,false,0735,007,17,67,24,1163770,1857568,2004,09/30/2015 03:35:37 PM,41.764792808,-87.675298003,"(41.764792808, -87.675298003)"
10248192,HY435886,09/23/2015 11:40:00 PM,033XX W 25TH ST,0460,BATTERY,SIMPLE,SIDEWALK,false,false,1024,010,22,30,08B,1154332,1887190,2005,09/30/2015 03:35:37 PM,41.846272605,-87.709102652,"(41.846272605, -87.709102652)"
10248228,HY435968,09/23/2015 11:40:00 PM,034XX W HURON ST,2093,NARCOTICS,FOUND SUSPECT NARCOTICS,RESIDENCE PORCH/HALLWAY,true,false,1121,011,27,23,18,1153156,1904451,2015,09/30/2015 03:35:37 PM,41.893662056,-87.712960719,"(41.893662056, -87.712960719)"
10249529,HY435924,09/23/2015 11:32:00 PM,079XX S YATES BLVD,0930,MOTOR VEHICLE THEFT,THEFT/RECOVERY: AUTOMOBILE,STREET,true,false,0414,004,7,46,07,1193570,1852889,2006,09/30/2015 03:35:37 PM,41.751275763,-87.566227001,"(41.751275763, -87.566227001)"
10252453,HY440402,09/23/2015 11:30:00 PM,037XX W NORTH AVE,0460,BATTERY,SIMPLE,RESTAURANT,false,false,2535,025,26,23,08B,,,2007,09/30/2015 03:35:37 PM,,,
10248517,HY436158,09/23/2015 11:30:00 PM,022XX N KILPATRICK AVE,0910,MOTOR VEHICLE THEFT,AUTOMOBILE,STREET,false,false,2522,025,31,19,07,1144691,1914489,2008,09/30/2015 03:35:37 PM,41.921371149,-87.743796698,"(41.921371149, -87.743796698)"
10248179,HY435897,09/23/2015 11:26:00 PM,033XX N KIMBALL AVE,1305,CRIMINAL DAMAGE,CRIMINAL DEFACEMENT,GROCERY FOOD STORE,true,false,1733,017,35,21,14,1153130,1922081,2009,09/30/2015 03:35:37 PM,41.942040816,-87.712587544,"(41.942040816, -87.712587544)"
10248181,HY435871,09/23/2015 11:20:00 PM,027XX W HARRISON ST,0460,BATTERY,SIMPLE,SIDEWALK,true,false,1135,011,2,27,08B,1158100,1897251,2010,09/30/2015 03:35:37 PM,41.873805055,-87.694999731,"(41.873805055, -87.694999731)"
10248212,HY435873,09/23/2015 11:16:00 PM,043XX W PALMER ST,0460,BATTERY,SIMPLE,APARTMENT,true,true,2522,025,30,20,08B,1146899,1914265,2011,09/30/2012 03:35:37 PM,41.920714531,-87.735689614,"(41.920714531, -87.735689614)"
10248155,HY435883,09/23/2012 11:15:00 PM,023XX S ALBANY AVE,2220,LIQUOR LAW VIOLATION,ILLEGAL POSSESSION BY MINOR,VEHICLE NON-COMMERCIAL,true,false,1033,010,24,30,22,1156060,1888349,2012,09/30/2015 03:35:37 PM,41.849418392,-87.702729725,"(41.849418392, -87.702729725)"
10248152,HY435858,09/23/2015 11:11:00 PM,071XX S WOLCOTT AVE,1811,NARCOTICS,POSS: CANNABIS 30GMS OR LESS,SIDEWALK,true,false,0735,007,17,67,18,1164925,1857236,2013,09/30/2015 03:35:37 PM,41.76385743,-87.671073961,"(41.76385743, -87.671073961)"
10248165,HY435878,09/23/2015 11:10:00 PM,027XX N NEWLAND AVE,1320,CRIMINAL DAMAGE,TO VEHICLE,STREET,true,false,2512,025,36,18,14,1129620,1917405,2014,09/30/2015 03:35:37 PM,41.929643975,-87.799105532,"(41.929643975, -87.799105532)"
10248169,HY435864,09/23/2015 11:10:00 PM,055XX N CHESTER AVE,0820,THEFT,$500 AND UNDER,APARTMENT,false,false,1614,016,41,76,06,1118645,1935647,2015,09/30/2015 03:35:37 PM,41.979882918,-87.839049988,"(41.979882918, -87.839049988)"
10248225,HY435887,09/23/2015 11:05:00 PM,048XX N SPRINGFIELD AVE,0460,BATTERY,SIMPLE,STREET,false,false,1712,017,39,14,08B,1149521,1931663,2015,09/30/2015 03:35:37 PM,41.968405494,-87.725602529,"(41.968405494, -87.725602529)"
10248172,HY435855,09/23/2015 11:05:00 PM,066XX W DEVON AVE,1320,CRIMINAL DAMAGE,TO VEHICLE,STREET,false,false,1611,016,41,10,14,1130705,1942073,2015,09/30/2015 03:35:37 PM,41.997316922,-87.794548377,"(41.997316922, -87.794548377)"
10248170,HY435862,09/23/2015 11:05:00 PM,064XX S LOWE AVE,0460,BATTERY,SIMPLE,SIDEWALK,true,true,0723,007,16,68,08B,1173144,1862203,2015,09/30/2015 03:35:37 PM,41.777309867,-87.640802922,"(41.777309867, -87.640802922)"
10248254,HY435850,09/23/2015 11:04:00 PM,028XX W 40TH PL,0486,BATTERY,DOMESTIC BATTERY SIMPLE,STREET,false,true,0921,009,14,58,08B,1158186,1877684,2015,09/30/2015 03:35:37 PM,41.820109279,-87.695217788,"(41.820109279, -87.695217788)"
10248187,HY435894,09/23/2015 11:01:00 PM,0000X W HUBBARD ST,2890,PUBLIC PEACE VIOLATION,OTHER VIOLATION,SIDEWALK,true,false,1831,018,42,8,26,1175726,1903303,2015,09/30/2015 03:35:37 PM,41.890034161,-87.630103892,"(41.890034161, -87.630103892)"
10252777,HY440434,09/23/2015 11:00:00 PM,021XX S MICHIGAN AVE,0910,MOTOR VEHICLE THEFT,AUTOMOBILE,RESIDENCE,false,false,0132,001,2,33,07,,,2015,09/30/2015 03:35:37 PM,,,
10248130,HY435841,09/23/2015 11:00:00 PM,066XX S WASHTENAW AVE,1310,CRIMINAL DAMAGE,TO PROPERTY,RESIDENCE,false,false,0831,008,15,66,14,1159522,1860416,2015,09/30/2015 03:35:37 PM,41.77269626,-87.690790221,"(41.77269626, -87.690790221)"
10248513,HY436130,09/23/2015 11:00:00 PM,007XX S KEDZIE AVE,0890,THEFT,FROM BUILDING,RESIDENCE,false,false,1134,011,24,27,06,1155154,1896385,2015,09/30/2015 03:35:37 PM,41.871488272,-87.705839317,"(41.871488272, -87.705839317)"
10249212,HY436521,09/23/2015 11:00:00 PM,020XX N WESTERN AVE,0820,THEFT,$500 AND UNDER,ALLEY,false,false,1432,014,32,22,06,1160033,1913656,2015,09/30/2015 03:35:37 PM,41.918782078,-87.687449244,"(41.918782078, -87.687449244)"
10248197,HY435874,09/23/2015 11:00:00 PM,038XX S MICHIGAN AVE,1320,CRIMINAL DAMAGE,TO VEHICLE,STREET,false,true,0213,002,3,35,14,1177829,1879564,2015,09/30/2015 03:35:37 PM,41.824845242,-87.623101964,"(41.824845242, -87.623101964)"
10249297,HY436715,09/23/2015 11:00:00 PM,026XX W PRATT BLVD,0610,BURGLARY,FORCIBLE ENTRY,RESIDENCE-GARAGE,false,false,2412,024,50,2,05,1157314,1945021,2015,09/30/2015 03:35:37 PM,42.004905185,-87.696582787,"(42.004905185, -87.696582787)"
10248438,HY436111,09/23/2015 11:00:00 PM,009XX E 84TH ST,0820,THEFT,$500 AND UNDER,STREET,false,false,0632,006,8,44,06,1184214,1849494,2015,09/30/2015 03:35:37 PM,41.742183317,-87.600617614,"(41.742183317, -87.600617614)"
10252695,HY440717,09/23/2015 11:00:00 PM,017XX W NORTH AVE,0917,MOTOR VEHICLE THEFT,"CYCLE, SCOOTER, BIKE W-VIN",RESIDENTIAL YARD (FRONT/BACK),false,false,1433,014,1,24,07,,,2015,09/30/2015 03:35:37 PM,,,
10248100,HY435836,09/23/2015 11:00:00 PM,033XX W CONGRESS PKWY,1811,NARCOTICS,POSS: CANNABIS 30GMS OR LESS,SIDEWALK,true,false,1134,011,28,27,18,1154319,1897509,2015,09/30/2015 03:35:37 PM,41.874589356,-87.708874919,"(41.874589356, -87.708874919)"
10248714,HY436227,09/23/2015 11:00:00 PM,020XX S MICHIGAN AVE,0497,BATTERY,AGGRAVATED DOMESTIC BATTERY: OTHER DANG WEAPON,RESIDENCE,false,false,0132,001,2,33,04B,1177528,1890620,2015,09/30/2015 03:35:37 PM,41.855190551,-87.623871195,"(41.855190551, -87.623871195)"
10249772,HY436378,09/23/2015 11:00:00 PM,010XX W BRYN MAWR AVE,0910,MOTOR VEHICLE THEFT,AUTOMOBILE,STREET,false,false,2022,020,48,77,07,1168139,1937368,2015,09/30/2015 03:35:37 PM,41.983677376,-87.65697959,"(41.983677376, -87.65697959)"
10248510,HY436135,09/23/2015 11:00:00 PM,052XX W MONTROSE AVE,0910,MOTOR VEHICLE THEFT,AUTOMOBILE,RESIDENCE-GARAGE,false,false,1624,016,38,15,07,1140681,1928754,2015,09/30/2015 03:35:37 PM,41.960590411,-87.758178951,"(41.960590411, -87.758178951)"
10249412,HY436729,09/23/2015 11:00:00 PM,073XX S HERMITAGE AVE,5002,OTHER OFFENSE,OTHER VEHICLE OFFENSE,STREET,false,false,0735,007,17,67,26,1165950,1856121,2015,09/30/2015 03:35:37 PM,41.760776,-87.667348735,"(41.760776, -87.667348735)"
10248213,HY435837,09/23/2015 10:55:00 PM,061XX S WABASH AVE,1320,CRIMINAL DAMAGE,TO VEHICLE,STREET,false,false,0311,003,20,40,14,1177768,1864408,2015,09/30/2015 03:35:37 PM,41.783257178,-87.623784773,"(41.783257178, -87.623784773)"
10248167,HY435820,09/23/2015 10:50:00 PM,030XX E 80TH PL,143A,WEAPONS VIOLATION,UNLAWFUL POSS OF HANDGUN,STREET,true,false,0422,004,7,46,15,1197664,1852171,2015,09/30/2015 03:35:37 PM,41.749204376,-87.551248747,"(41.749204376, -87.551248747)"
10248132,HY435824,09/23/2015 10:45:00 PM,064XX S LOWE AVE,0486,BATTERY,DOMESTIC BATTERY SIMPLE,APARTMENT,true,true,0723,007,16,68,08B,1173144,1862203,2015,09/30/2015 03:35:37 PM,41.777309867,-87.640802922,"(41.777309867, -87.640802922)"
10248102,HY435835,09/23/2015 10:45:00 PM,020XX W 69TH ST,1330,CRIMINAL TRESPASS,TO LAND,SIDEWALK,true,false,0735,007,17,67,26,1164043,1858897,2015,09/30/2015 03:35:37 PM,41.768434033,-87.674260053,"(41.768434033, -87.674260053)"
10248173,HY435842,09/23/2015 10:45:00 PM,091XX S STATE ST,2024,NARCOTICS,POSS: HEROIN(WHITE),STREET,true,false,0634,006,6,49,18,1177896,1844459,2015,09/30/2015 03:35:37 PM,41.72851194,-87.623918596,"(41.72851194, -87.623918596)"
10248184,HY435879,09/23/2015 10:45:00 PM,041XX W MONROE ST,2024,NARCOTICS,POSS: HEROIN(WHITE),SIDEWALK,true,false,1115,011,28,26,18,1148886,1899341,2015,09/30/2015 03:35:37 PM,41.879723306,-87.72877531,"(41.879723306, -87.72877531)"
10248209,HY435869,09/23/2015 10:43:00 PM,044XX N BROADWAY,0860,THEFT,RETAIL THEFT,DEPARTMENT STORE,true,false,1913,019,46,3,06,1168469,1929861,2015,09/30/2015 03:35:37 PM,41.963070794,-87.655984213,"(41.963070794, -87.655984213)"
10248177,HY435853,09/23/2015 10:42:00 PM,008XX W LAWRENCE AVE,1320,CRIMINAL DAMAGE,TO VEHICLE,STREET,true,false,1914,019,46,3,14,1169767,1932083,2015,09/30/2015 03:35:37 PM,41.969139773,-87.651146917,"(41.969139773, -87.651146917)"
10248099,HY435840,09/23/2015 10:40:00 PM,004XX N CLARK ST,0890,THEFT,FROM BUILDING,RESTAURANT,false,false,1831,018,42,8,06,1175457,1903398,2015,09/30/2015 03:35:37 PM,41.890300892,-87.631088915,"(41.890300892, -87.631088915)"
10248305,HY436041,09/23/2015 10:39:00 PM,011XX W MONTANA ST,0810,THEFT,OVER $500,STREET,false,false,1932,019,43,7,06,1168335,1916455,2015,09/30/2015 03:35:37 PM,41.926287058,-87.656865869,"(41.926287058, -87.656865869)"
10250676,HY437952,09/23/2015 10:36:00 PM,008XX W ADDISON ST,0460,BATTERY,SIMPLE,PARKING LOT/GARAGE(NON.RESID.),false,false,1924,019,44,6,08B,1169861,1924124,2015,09/30/2015 03:35:37 PM,41.947297957,-87.651034295,"(41.947297957, -87.651034295)"
10250400,HY437562,09/23/2015 10:31:00 PM,039XX N PINE GROVE AVE,0890,THEFT,FROM BUILDING,OTHER,false,false,1925,019,46,6,06,1170693,1926442,2015,09/30/2015 03:35:37 PM,41.953640416,-87.647907964,"(41.953640416, -87.647907964)"
10250565,HY437832,09/23/2015 10:30:00 PM,041XX N KEDVALE AVE,1320,CRIMINAL DAMAGE,TO VEHICLE,ALLEY,false,false,1722,017,39,16,14,1148105,1927216,2015,09/30/2015 03:35:37 PM,41.956230039,-87.73092409,"(41.956230039, -87.73092409)"
10248273,HY435811,09/23/2015 10:30:00 PM,041XX W MADISON ST,0486,BATTERY,DOMESTIC BATTERY SIMPLE,SIDEWALK,false,true,1115,011,28,26,08B,1148697,1899688,2015,09/30/2015 03:35:37 PM,41.880679165,-87.729460332,"(41.880679165, -87.729460332)"
10248140,HY435834,09/23/2015 10:30:00 PM,032XX W 53RD ST,1812,NARCOTICS,POSS: CANNABIS MORE THAN 30GMS,STREET,true,false,0822,008,14,63,18,1155863,1869305,2015,09/30/2015 03:35:37 PM,41.797163204,-87.70396473,"(41.797163204, -87.70396473)"
10248282,HY436005,09/23/2015 10:30:00 PM,004XX W DIVISION ST,0820,THEFT,$500 AND UNDER,SIDEWALK,false,false,1821,018,27,8,06,1173401,1908297,2015,09/30/2015 03:35:37 PM,41.903789944,-87.638493721,"(41.903789944, -87.638493721)"
10255784,HY443528,09/23/2015 10:30:00 PM,047XX S FORRESTVILLE AVE,031A,ROBBERY,ARMED: HANDGUN,APARTMENT,false,false,0223,002,3,38,03,,,2015,09/30/2015 03:35:37 PM,,,
10248395,HY435831,09/23/2015 10:30:00 PM,012XX W 97TH ST,0486,BATTERY,DOMESTIC BATTERY SIMPLE,RESIDENCE,false,false,2213,022,21,73,08B,1169846,1840608,2015,09/30/2015 03:35:37 PM,41.718122506,-87.653518823,"(41.718122506, -87.653518823)"
10248113,HY435818,09/23/2015 10:30:00 PM,039XX S LAKE PARK AVE,0560,ASSAULT,SIMPLE,CHA HALLWAY/STAIRWELL/ELEVATOR,false,false,0214,002,4,36,08A,1183388,1878984,2015,09/30/2015 03:35:37 PM,41.823125769,-87.602725951,"(41.823125769, -87.602725951)"
10249320,HY436757,09/23/2015 10:30:00 PM,023XX N OAK PARK AVE,1360,CRIMINAL TRESPASS,TO VEHICLE,VEHICLE NON-COMMERCIAL,false,false,2512,025,36,18,26,1130692,1914937,2015,09/30/2015 03:35:37 PM,41.922853085,-87.795223066,"(41.922853085, -87.795223066)"
10248098,HY435822,09/23/2015 10:30:00 PM,071XX S WENTWORTH AVE,1811,NARCOTICS,POSS: CANNABIS 30GMS OR LESS,RESIDENTIAL YARD (FRONT/BACK),true,false,0731,007,6,69,18,1176196,1857626,2015,09/30/2015 03:35:37 PM,41.764682081,-87.629751634,"(41.764682081, -87.629751634)"
10248108,HY435826,09/23/2015 10:30:00 PM,001XX W ELM ST,2170,NARCOTICS,POSSESSION OF DRUG EQUIPMENT,STREET,true,false,1824,018,43,8,18,1174651,1907980,2015,09/30/2015 03:35:37 PM,41.902892206,-87.633911713,"(41.902892206, -87.633911713)"
10251590,HY439234,09/23/2015 10:30:00 PM,001XX W WENDELL ST,0910,MOTOR VEHICLE THEFT,AUTOMOBILE,STREET,false,false,1824,018,42,8,07,1174592,1907409,2015,09/30/2015 03:35:37 PM,41.901326672,-87.634145523,"(41.901326672, -87.634145523)"
10248180,HY435856,09/23/2015 10:25:00 PM,003XX E 95TH ST,2027,NARCOTICS,POSS: CRACK,STREET,true,false,0633,006,6,49,18,1180007,1842051,2015,09/30/2015 03:35:37 PM,41.721856085,-87.616259088,"(41.721856085, -87.616259088)"
10248231,HY435849,09/23/2015 10:25:00 PM,005XX S KEDZIE AVE,0810,THEFT,OVER $500,CTA TRAIN,false,false,1134,011,24,27,06,1155119,1897494,2015,09/30/2015 03:35:37 PM,41.874532185,-87.705938056,"(41.874532185, -87.705938056)"
10248121,HY435828,09/23/2015 10:25:00 PM,068XX S JEFFERY BLVD,1811,NARCOTICS,POSS: CANNABIS 30GMS OR LESS,STREET,true,false,0331,003,5,43,18,1190724,1859978,2015,09/30/2015 03:35:37 PM,41.770797725,-87.576427433,"(41.770797725, -87.576427433)"
10248151,HY435821,09/23/2015 10:24:00 PM,002XX S STATE ST,0460,BATTERY,SIMPLE,RESTAURANT,true,false,0113,001,42,32,08B,1176418,1899146,2015,09/30/2015 03:35:37 PM,41.878611533,-87.627688116,"(41.878611533, -87.627688116)"
10248114,HY435804,09/23/2015 10:21:00 PM,069XX S WOODLAWN AVE,0486,BATTERY,DOMESTIC BATTERY SIMPLE,SIDEWALK,true,true,0321,003,5,69,08B,1185601,1859248,2015,09/30/2015 03:35:37 PM,41.768916724,-87.595229104,"(41.768916724, -87.595229104)"
10248218,HY435845,09/23/2015 10:20:00 PM,059XX W WALTON ST,0479,BATTERY,AGG: HANDS/FIST/FEET SERIOUS INJURY,RESIDENCE,false,true,1511,015,29,25,04B,1136554,1905722,2015,09/30/2015 03:35:37 PM,41.897463054,-87.77390459,"(41.897463054, -87.77390459)"
10248189,HY435844,09/23/2015 10:15:00 PM,036XX S LAKE PARK AVE,0560,ASSAULT,SIMPLE,APARTMENT,true,false,0212,002,4,36,08A,1182202,1881311,2015,09/30/2015 03:35:37 PM,41.829538814,-87.607004696,"(41.829538814, -87.607004696)"
10248096,HY435819,09/23/2015 10:15:00 PM,013XX N CICERO AVE,2024,NARCOTICS,POSS: HEROIN(WHITE),STREET,true,false,2533,025,37,25,18,1144123,1908689,2015,09/30/2015 03:35:37 PM,41.905466034,-87.746029622,"(41.905466034, -87.746029622)"
10248117,HY435807,09/23/2015 10:11:00 PM,040XX N KEDZIE AVE,1811,NARCOTICS,POSS: CANNABIS 30GMS OR LESS,STREET,true,false,1724,017,33,16,18,1154335,1926672,2015,09/30/2015 03:35:37 PM,41.954614809,-87.708035521,"(41.954614809, -87.708035521)"
10248185,HY435798,09/23/2015 10:10:00 PM,044XX W THOMAS ST,0820,THEFT,$500 AND UNDER,RESIDENCE,true,true,1111,011,37,23,06,1146672,1906961,2015,09/30/2015 03:35:37 PM,41.900675948,-87.73671034,"(41.900675948, -87.73671034)"
10248150,HY435868,09/23/2015 10:02:00 PM,077XX N MARSHFIELD AVE,1330,CRIMINAL TRESPASS,TO LAND,ALLEY,true,false,2422,024,49,1,26,1163977,1951123,2015,09/30/2015 03:35:37 PM,42.02151059,-87.671895842,"(42.02151059, -87.671895842)"
10248092,HY435796,09/23/2015 10:00:00 PM,008XX N KOLIN AVE,0486,BATTERY,DOMESTIC BATTERY SIMPLE,STREET,false,false,1111,011,37,23,08B,1147222,1905262,2015,09/30/2015 03:35:37 PM,41.896003196,-87.734733679,"(41.896003196, -87.734733679)"
10248524,HY436092,09/23/2015 10:00:00 PM,064XX S NORMAL BLVD,0610,BURGLARY,FORCIBLE ENTRY,APARTMENT,false,false,0722,007,20,68,05,1174054,1862259,2015,09/30/2015 03:35:37 PM,41.777443379,-87.63746522,"(41.777443379, -87.63746522)"
10248443,HY436090,09/23/2015 10:00:00 PM,047XX N HERMITAGE AVE,0810,THEFT,OVER $500,STREET,false,false,1912,019,47,3,06,1163946,1931450,2015,09/30/2015 03:35:37 PM,41.967527986,-87.672568555,"(41.967527986, -87.672568555)"
10248403,HY436087,09/23/2015 10:00:00 PM,028XX W 83RD ST,1305,CRIMINAL DAMAGE,CRIMINAL DEFACEMENT,RESIDENCE-GARAGE,false,false,0835,008,18,70,14,1158583,1849450,2015,09/30/2015 03:35:37 PM,41.742623072,-87.694530861,"(41.742623072, -87.694530861)"
10249368,HY436724,09/23/2015 10:00:00 PM,052XX N NASHVILLE AVE,1150,DECEPTIVE PRACTICE,CREDIT CARD FRAUD,APARTMENT,false,true,1613,016,41,10,11,1131583,1934469,2015,09/30/2015 03:35:37 PM,41.976435645,-87.79149546,"(41.976435645, -87.79149546)"
10249217,HY436428,09/23/2015 10:00:00 PM,003XX W VAN BUREN ST,0870,THEFT,POCKET-PICKING,OTHER,false,false,0122,001,2,32,06,1174200,1898474,2015,09/30/2015 03:35:37 PM,41.876817275,-87.635852128,"(41.876817275, -87.635852128)"
10248447,HY436062,09/23/2015 10:00:00 PM,044XX N RAVENSWOOD AVE,1320,CRIMINAL DAMAGE,TO VEHICLE,STREET,false,false,1912,019,47,4,14,1163426,1929455,2015,09/30/2015 03:35:37 PM,41.962064608,-87.674536939,"(41.962064608, -87.674536939)"
10249422,HY436903,09/23/2015 10:00:00 PM,022XX S SPRINGFIELD AVE,1320,CRIMINAL DAMAGE,TO VEHICLE,VEHICLE NON-COMMERCIAL,false,false,1013,010,22,30,14,1150737,1888807,2015,09/30/2015 03:35:37 PM,41.850780802,-87.722253971,"(41.850780802, -87.722253971)"
10248081,HY435797,09/23/2015 10:00:00 PM,037XX W WINDSOR AVE,0486,BATTERY,DOMESTIC BATTERY SIMPLE,RESIDENCE PORCH/HALLWAY,false,true,1723,017,39,14,08B,1150503,1929974,2015,09/30/2015 03:35:37 PM,41.963751592,-87.722036048,"(41.963751592, -87.722036048)"
10249274,HY436646,09/23/2015 10:00:00 PM,027XX W 15TH PL,1320,CRIMINAL DAMAGE,TO VEHICLE,HOSPITAL BUILDING/GROUNDS,false,false,1023,010,28,29,14,1158277,1892276,2015,09/30/2015 03:35:37 PM,41.860149538,-87.694485803,"(41.860149538, -87.694485803)"
10248316,HY436037,09/23/2015 10:00:00 PM,011XX N MASON AVE,1320,CRIMINAL DAMAGE,TO VEHICLE,STREET,false,false,1511,015,29,25,14,1136491,1906903,2015,09/30/2015 03:35:37 PM,41.900704994,-87.77410771,"(41.900704994, -87.77410771)"
10249237,HY436437,09/23/2015 10:00:00 PM,003XX W VAN BUREN ST,1150,DECEPTIVE PRACTICE,CREDIT CARD FRAUD,OTHER,false,false,0122,001,2,32,11,1174200,1898474,2015,09/30/2015 03:35:37 PM,41.876817275,-87.635852128,"(41.876817275, -87.635852128)"
10248186,HY435783,09/23/2015 10:00:00 PM,080XX S HARVARD AVE,0486,BATTERY,DOMESTIC BATTERY SIMPLE,RESIDENCE,false,true,0623,006,17,44,08B,1175350,1851698,2015,09/30/2015 03:35:37 PM,41.748433888,-87.633029308,"(41.748433888, -87.633029308)"
10249427,HY436900,09/23/2015 10:00:00 PM,032XX S GREEN ST,0810,THEFT,OVER $500,RESIDENTIAL YARD (FRONT/BACK),false,false,0913,009,11,60,06,1171230,1883493,2015,09/30/2015 03:35:37 PM,41.835773926,-87.647196522,"(41.835773926, -87.647196522)"
10248134,HY435823,09/23/2015 09:57:00 PM,012XX W 63RD ST,0420,BATTERY,AGGRAVATED:KNIFE/CUTTING INSTR,SIDEWALK,false,false,0724,007,16,67,04B,1169316,1863009,2015,09/30/2015 03:35:37 PM,41.779605366,-87.654813009,"(41.779605366, -87.654813009)"
10248143,HY435813,09/23/2015 09:51:00 PM,046XX S HARDING AVE,031A,ROBBERY,ARMED: HANDGUN,SIDEWALK,false,false,0821,008,14,57,03,1150803,1873650,2015,09/30/2015 03:35:37 PM,41.809186683,-87.722407343,"(41.809186683, -87.722407343)"
10248193,HY435806,09/23/2015 09:50:00 PM,045XX W 64TH PL,2820,OTHER OFFENSE,TELEPHONE THREAT,RESIDENCE,false,true,0813,008,13,65,26,1147257,1861449,2015,09/30/2015 03:35:37 PM,41.775773644,-87.735724669,"(41.775773644, -87.735724669)"
10248110,HY435781,09/23/2015 09:50:00 PM,042XX W MADISON ST,1121,DECEPTIVE PRACTICE,COUNTERFEITING DOCUMENT,CONVENIENCE STORE,false,false,1115,011,28,26,10,1148227,1899678,2015,09/30/2015 03:35:37 PM,41.880660786,-87.731186405,"(41.880660786, -87.731186405)"
10248055,HY435789,09/23/2015 09:50:00 PM,007XX N KEDZIE AVE,2024,NARCOTICS,POSS: HEROIN(WHITE),SIDEWALK,true,false,1221,012,27,23,18,1154904,1904850,2015,09/30/2015 03:35:37 PM,41.894722089,-87.706530176,"(41.894722089, -87.706530176)"
10248144,HY435816,09/23/2015 09:45:00 PM,079XX S MAY ST,2825,OTHER OFFENSE,HARASSMENT BY TELEPHONE,RESIDENCE,false,true,0612,006,17,71,26,1170033,1852051,2015,09/30/2015 03:35:37 PM,41.749519667,-87.652502378,"(41.749519667, -87.652502378)"
10248142,HY435870,09/23/2015 09:45:00 PM,009XX W LAWRENCE AVE,1320,CRIMINAL DAMAGE,TO VEHICLE,STREET,false,false,1914,019,46,3,14,1169113,1932066,2015,09/30/2015 03:35:37 PM,41.969107389,-87.653552149,"(41.969107389, -87.653552149)"
10249643,HY435801,09/23/2015 09:42:00 PM,079XX S LAFLIN ST,0820,THEFT,$500 AND UNDER,APARTMENT,false,false,0612,006,21,71,06,1167710,1852276,2015,09/30/2015 03:35:37 PM,41.750187225,-87.661008365,"(41.750187225, -87.661008365)"
10248292,HY436014,09/23/2015 09:40:00 PM,084XX S MARYLAND AVE,0820,THEFT,$500 AND UNDER,STREET,false,false,0632,006,8,44,06,1183360,1849300,2015,09/30/2015 03:35:37 PM,41.741670871,-87.603752655,"(41.741670871, -87.603752655)"
10248160,HY435767,09/23/2015 09:40:00 PM,055XX W NORTH AVE,5011,OTHER OFFENSE,LICENSE VIOLATION,SMALL RETAIL STORE,true,false,2532,025,37,25,26,1138971,1910083,2015,09/30/2015 03:35:37 PM,41.909386568,-87.764920978,"(41.909386568, -87.764920978)"
10248252,HY435772,09/23/2015 09:40:00 PM,121XX S STATE ST,0460,BATTERY,SIMPLE,STREET,false,false,0523,005,9,53,08B,1178445,1824317,2015,09/30/2015 03:35:37 PM,41.67322704,-87.622516479,"(41.67322704, -87.622516479)"
10248477,HY435790,09/23/2015 09:30:00 PM,018XX N LAWNDALE AVE,0820,THEFT,$500 AND UNDER,SIDEWALK,false,false,2535,025,26,22,06,1151422,1911997,2015,09/30/2015 03:35:37 PM,41.914403235,-87.719130719,"(41.914403235, -87.719130719)"
10248247,HY435779,09/23/2015 09:30:00 PM,012XX W 82ND ST,0486,BATTERY,DOMESTIC BATTERY SIMPLE,RESIDENCE,false,true,0613,006,21,71,08B,1169286,1850402,2015,09/30/2015 03:35:37 PM,41.745010773,-87.655287307,"(41.745010773, -87.655287307)"
10249631,HY437073,09/23/2015 09:30:00 PM,051XX N KILDARE AVE,0810,THEFT,OVER $500,STREET,false,false,1712,017,39,14,06,1146785,1933869,2015,09/30/2015 03:35:37 PM,41.974511732,-87.73560616,"(41.974511732, -87.73560616)"
10251432,HY438998,09/23/2015 09:30:00 PM,069XX S TALMAN AVE,0820,THEFT,$500 AND UNDER,RESIDENCE,false,true,0831,008,18,66,06,1159909,1858432,2015,09/30/2015 03:35:37 PM,41.767243934,-87.689426024,"(41.767243934, -87.689426024)"
10250402,HY437637,09/23/2015 09:30:00 PM,003XX E 58TH ST,1320,CRIMINAL DAMAGE,TO VEHICLE,STREET,false,false,0232,002,20,40,14,1179686,1866640,2015,09/30/2015 03:35:37 PM,41.789338353,-87.616684599,"(41.789338353, -87.616684599)"
10248752,HY436328,09/23/2015 09:30:00 PM,007XX W BUCKINGHAM PL,1360,CRIMINAL TRESPASS,TO VEHICLE,STREET,false,false,1925,019,44,6,26,1170804,1922468,2015,09/30/2015 03:35:37 PM,41.94273318,-87.647616797,"(41.94273318, -87.647616797)"
10249259,HY436650,09/23/2015 09:30:00 PM,069XX S OGLESBY AVE,0890,THEFT,FROM BUILDING,RESIDENCE,false,false,0331,003,5,43,06,1192964,1859500,2015,09/30/2015 03:35:37 PM,41.769431669,-87.568232183,"(41.769431669, -87.568232183)"
10248164,HY435866,09/23/2015 09:29:00 PM,066XX S ABERDEEN ST,2024,NARCOTICS,POSS: HEROIN(WHITE),RESIDENCE,true,false,0724,007,17,68,18,1170126,1860754,2015,09/30/2015 03:35:37 PM,41.773399796,-87.651908959,"(41.773399796, -87.651908959)"
10249175,HY435752,09/23/2015 09:29:00 PM,062XX N TALMAN AVE,2825,OTHER OFFENSE,HARASSMENT BY TELEPHONE,APARTMENT,false,true,2413,024,50,2,26,1157532,1941301,2015,09/30/2015 03:35:37 PM,41.994692911,-87.695882642,"(41.994692911, -87.695882642)"
10248145,HY435786,09/23/2015 09:25:00 PM,009XX W 79TH ST,0320,ROBBERY,STRONGARM - NO WEAPON,SIDEWALK,false,false,0621,006,17,71,03,1171594,1852458,2015,09/30/2015 03:35:37 PM,41.750602491,-87.646770341,"(41.750602491, -87.646770341)"
10248072,HY435758,09/23/2015 09:25:00 PM,0000X E 71ST ST,4625,OTHER OFFENSE,PAROLE VIOLATION,STREET,true,false,0322,003,6,69,26,1178155,1857963,2015,09/30/2015 03:35:37 PM,41.76556265,-87.622561205,"(41.76556265, -87.622561205)"
10248067,HY435768,09/23/2015 09:22:00 PM,013XX S SPAULDING AVE,1811,NARCOTICS,POSS: CANNABIS 30GMS OR LESS,STREET,true,false,1021,010,24,29,18,1154111,1908918,2015,09/30/2015 03:35:37 PM,41.90590092,-87.709333984,"(41.90590092, -87.709333984)"
10248069,HY435744,09/23/2015 09:20:00 PM,031XX N CLARK ST,0860,THEFT,RETAIL THEFT,SMALL RETAIL STORE,true,false,1933,019,44,6,06,1170283,1920956,2015,09/30/2015 03:35:37 PM,41.93859561,-87.649576033,"(41.93859561, -87.649576033)"
10248109,HY435766,09/23/2015 09:17:00 PM,066XX S SEELEY AVE,0486,BATTERY,DOMESTIC BATTERY SIMPLE,RESIDENCE,false,true,0726,007,15,67,08B,1163837,1860700,2015,09/30/2015 03:35:37 PM,41.77338604,-87.674964556,"(41.77338604, -87.674964556)"
10248087,HY435757,09/23/2015 09:15:00 PM,003XX W 124TH ST,0320,ROBBERY,STRONGARM - NO WEAPON,SIDEWALK,false,false,0523,005,34,53,03,1176084,1822697,2015,09/30/2015 03:35:37 PM,41.668834621,-87.631206189,"(41.668834621, -87.631206189)"
10248133,HY435799,09/23/2015 09:15:00 PM,013XX S KARLOV AVE,143A,WEAPONS VIOLATION,UNLAWFUL POSS OF HANDGUN,RESIDENCE PORCH/HALLWAY,true,false,1011,010,24,29,15,1149265,1893485,2015,09/30/2015 03:35:37 PM,41.863646428,-87.727535417,"(41.863646428, -87.727535417)"
10248112,HY435815,09/23/2015 09:15:00 PM,078XX S MAY ST,0486,BATTERY,DOMESTIC BATTERY SIMPLE,RESIDENCE,false,true,0612,006,17,71,08B,1170011,1852871,2015,09/30/2015 03:35:37 PM,41.751770335,-87.65255922,"(41.751770335, -87.65255922)"
10248053,HY435738,09/23/2015 09:14:00 PM,017XX W PRATT BLVD,0486,BATTERY,DOMESTIC BATTERY SIMPLE,APARTMENT,false,true,2432,024,49,1,08B,1163297,1945214,2015,09/30/2015 03:35:37 PM,42.005310568,-87.674565587,"(42.005310568, -87.674565587)"
10248065,HY435729,09/23/2015 09:08:00 PM,038XX S SACRAMENTO AVE,0486,BATTERY,DOMESTIC BATTERY SIMPLE,RESIDENCE,true,true,0911,009,14,58,08B,1157005,1878845,2015,09/30/2015 03:35:37 PM,41.823319195,-87.699518824,"(41.823319195, -87.699518824)"
10248091,HY435788,09/23/2015 09:07:00 PM,049XX W ADAMS ST,2092,NARCOTICS,SOLICIT NARCOTICS ON PUBLICWAY,STREET,true,false,1533,015,28,25,18,1143524,1898878,2015,09/30/2015 03:35:37 PM,41.878554737,-87.748475629,"(41.878554737, -87.748475629)"
10248049,HY435712,09/23/2015 09:05:00 PM,012XX W ROOSEVELT RD,1320,CRIMINAL DAMAGE,TO VEHICLE,CTA BUS STOP,true,false,1233,012,2,28,14,1168473,1894848,2015,09/30/2015 03:35:37 PM,41.866993033,-87.656984681,"(41.866993033, -87.656984681)"
10248166,HY435895,09/23/2015 09:00:00 PM,017XX N KEYSTONE AVE,0820,THEFT,$500 AND UNDER,APARTMENT,false,false,2534,025,30,20,06,1149111,1911318,2015,09/30/2015 03:35:37 PM,41.912585094,-87.727638664,"(41.912585094, -87.727638664)"
10248079,HY435745,09/23/2015 09:00:00 PM,029XX W OGDEN AVE,0320,ROBBERY,STRONGARM - NO WEAPON,STREET,false,false,1022,010,24,29,03,1157029,1892266,2015,09/30/2015 03:35:37 PM,41.860147488,-87.69906717,"(41.860147488, -87.69906717)"
10248057,HY435762,09/23/2015 09:00:00 PM,032XX W 16TH ST,2031,NARCOTICS,POSS: METHAMPHETAMINES,STREET,true,false,1022,010,24,29,18,1155208,1891864,2015,09/30/2015 03:35:37 PM,41.859081076,-87.7057624,"(41.859081076, -87.7057624)"
10250109,HY437526,09/23/2015 09:00:00 PM,065XX S LAFLIN ST,1320,CRIMINAL DAMAGE,TO VEHICLE,STREET,false,false,0725,007,17,67,14,1167462,1861331,2015,09/30/2015 03:35:37 PM,41.775040665,-87.661658054,"(41.775040665, -87.661658054)"
10248891,HY436427,09/23/2015 09:00:00 PM,022XX W CULLOM AVE,0820,THEFT,$500 AND UNDER,STREET,false,false,1911,019,47,5,06,1160455,1928510,2015,09/30/2015 03:35:37 PM,41.95953364,-87.685486334,"(41.95953364, -87.685486334)"
10248271,HY435997,09/23/2015 09:00:00 PM,032XX S MILLARD AVE,1320,CRIMINAL DAMAGE,TO VEHICLE,STREET,false,false,1032,010,22,30,14,1152549,1883065,2015,09/30/2015 03:35:37 PM,41.834988467,-87.715755057,"(41.834988467, -87.715755057)"
10249204,HY436576,09/23/2015 09:00:00 PM,002XX W GRAND AVE,0820,THEFT,$500 AND UNDER,STREET,false,false,1831,018,42,8,06,1174539,1903858,2015,09/30/2015 03:35:37 PM,41.891583724,-87.634446444,"(41.891583724, -87.634446444)"
10248923,HY436098,09/23/2015 09:00:00 PM,014XX S SACRAMENTO DR,0620,BURGLARY,UNLAWFUL ENTRY,PARK PROPERTY,false,false,1022,010,24,29,05,1156220,1893242,2015,09/30/2015 03:35:37 PM,41.862842099,-87.702010464,"(41.862842099, -87.702010464)"
10248301,HY436000,09/23/2015 09:00:00 PM,042XX W ARMITAGE AVE,0910,MOTOR VEHICLE THEFT,AUTOMOBILE,STREET,false,false,2522,025,30,20,07,1147954,1912954,2015,09/30/2015 03:35:37 PM,41.91709678,-87.731847071,"(41.91709678, -87.731847071)"
10248093,HY435770,09/23/2015 09:00:00 PM,044XX W IOWA ST,0486,BATTERY,DOMESTIC BATTERY SIMPLE,RESIDENCE,false,false,1111,011,37,23,08B,1146558,1905627,2015,09/30/2015 03:35:37 PM,41.897017483,-87.737163123,"(41.897017483, -87.737163123)"
10248146,HY435754,09/23/2015 09:00:00 PM,046XX S KEDZIE AVE,031A,ROBBERY,ARMED: HANDGUN,PARKING LOT/GARAGE(NON.RESID.),false,false,0821,008,14,58,03,1155816,1873699,2015,09/30/2015 03:35:37 PM,41.809221886,-87.704019109,"(41.809221886, -87.704019109)"
10250210,HY437570,09/23/2015 09:00:00 PM,053XX S MULLIGAN AVE,1310,CRIMINAL DAMAGE,TO PROPERTY,RESIDENTIAL YARD (FRONT/BACK),false,false,0811,008,23,56,14,1134948,1868564,2015,09/30/2015 03:35:37 PM,41.795524371,-87.780681593,"(41.795524371, -87.780681593)"
10249290,HY436510,09/23/2015 09:00:00 PM,108XX S PROSPECT AVE,1320,CRIMINAL DAMAGE,TO VEHICLE,STREET,false,false,2212,022,19,75,14,1167322,1832868,2015,09/30/2015 03:35:37 PM,41.696937024,-87.662983983,"(41.696937024, -87.662983983)"
10249239,HY436579,09/23/2015 09:00:00 PM,043XX W 82ND PL,0820,THEFT,$500 AND UNDER,DRIVEWAY - RESIDENTIAL,false,false,0834,008,13,70,06,1148668,1849426,2015,09/30/2015 03:35:37 PM,41.742753445,-87.73086068,"(41.742753445, -87.73086068)"
10248038,HY435737,09/23/2015 08:57:00 PM,047XX S DR MARTIN LUTHER KING JR DR,0460,BATTERY,SIMPLE,CTA BUS STOP,true,false,0224,002,3,38,08B,1179656,1873765,2015,09/30/2015 03:35:37 PM,41.808890677,-87.616576757,"(41.808890677, -87.616576757)"
10248161,HY435848,09/23/2015 08:55:00 PM,043XX W FLOURNOY ST,1811,NARCOTICS,POSS: CANNABIS 30GMS OR LESS,VEHICLE NON-COMMERCIAL,true,false,1131,011,24,26,18,1147605,1896685,2015,09/30/2015 03:35:37 PM,41.872459597,-87.733547157,"(41.872459597, -87.733547157)"
10248063,HY435708,09/23/2015 08:46:00 PM,014XX W 15TH ST,041A,BATTERY,AGGRAVATED: HANDGUN,PARK PROPERTY,false,false,1233,012,2,28,04B,1166992,1892841,2015,09/30/2015 03:35:37 PM,41.861517545,-87.662479177,"(41.861517545, -87.662479177)"
10248693,HY436168,09/23/2015 08:45:00 PM,056XX W DIVERSEY AVE,0420,BATTERY,AGGRAVATED:KNIFE/CUTTING INSTR,SIDEWALK,false,false,2514,025,30,19,04B,1138092,1918046,2015,09/30/2015 03:35:37 PM,41.931253876,-87.767957228,"(41.931253876, -87.767957228)"
10248078,HY435749,09/23/2015 08:43:00 PM,008XX N PINE AVE,1360,CRIMINAL TRESPASS,TO VEHICLE,STREET,true,false,1524,015,37,25,26,1139371,1904890,2015,09/30/2015 03:35:37 PM,41.895129073,-87.763578233,"(41.895129073, -87.763578233)"
10248056,HY435718,09/23/2015 08:43:00 PM,090XX S JEFFERY BLVD,0560,ASSAULT,SIMPLE,RESIDENCE,false,true,0413,004,8,48,08A,1191086,1845464,2015,09/30/2015 03:35:37 PM,41.730961294,-87.575569065,"(41.730961294, -87.575569065)"
10248394,HY435724,09/23/2015 08:43:00 PM,107XX S LOOMIS ST,0313,ROBBERY,ARMED: OTHER DANGEROUS WEAPON,STREET,false,false,2234,022,34,75,03,1168917,1833597,2015,09/30/2015 03:35:37 PM,41.698903304,-87.657123052,"(41.698903304, -87.657123052)"
10249113,HY435721,09/23/2015 08:42:00 PM,001XX E 96TH ST,033A,ROBBERY,ATTEMPT: ARMED-HANDGUN,RESTAURANT,false,false,0511,005,6,49,03,1178963,1841354,2015,09/30/2015 03:35:37 PM,41.719967227,-87.620104212,"(41.719967227, -87.620104212)"
10248020,HY435675,09/23/2015 08:40:00 PM,021XX W BERWYN AVE,0486,BATTERY,DOMESTIC BATTERY SIMPLE,APARTMENT,false,true,2012,020,40,4,08B,1161158,1935174,2015,09/30/2015 03:35:37 PM,41.97780535,-87.682715747,"(41.97780535, -87.682715747)"
10250617,HY437898,09/23/2015 08:36:00 PM,008XX W ADDISON ST,0460,BATTERY,SIMPLE,SIDEWALK,false,false,1924,019,44,6,08B,1169861,1924124,2015,09/30/2015 03:35:37 PM,41.947297957,-87.651034295,"(41.947297957, -87.651034295)"
10248111,HY435742,09/23/2015 08:35:00 PM,009XX E 79TH ST,0440,BATTERY,AGG: HANDS/FIST/FEET NO/MINOR INJURY,PARKING LOT/GARAGE(NON.RESID.),true,false,0624,006,8,44,08B,1184073,1852826,2015,09/30/2015 03:35:37 PM,41.751329969,-87.601030331,"(41.751329969, -87.601030331)"
10250952,HY435703,09/23/2015 08:34:00 PM,008XX W WILSON AVE,0486,BATTERY,DOMESTIC BATTERY SIMPLE,SIDEWALK,false,true,1914,019,46,3,08B,,,2015,09/30/2015 03:35:37 PM,,,
10248148,HY435723,09/23/2015 08:30:00 PM,075XX S STONY ISLAND AVE,0860,THEFT,RETAIL THEFT,GROCERY FOOD STORE,true,false,0411,004,5,43,06,1188123,1855151,2015,09/30/2015 03:35:37 PM,41.757614433,-87.586115266,"(41.757614433, -87.586115266)"
10247982,HY435700,09/23/2015 08:30:00 PM,021XX W HOWARD ST,0470,PUBLIC PEACE VIOLATION,RECKLESS CONDUCT,SIDEWALK,true,false,2424,024,49,1,24,1160793,1950357,2015,09/30/2015 03:35:37 PM,42.019475592,-87.683634371,"(42.019475592, -87.683634371)"
10248265,HY435852,09/23/2015 08:30:00 PM,042XX W MADISON ST,0460,BATTERY,SIMPLE,SIDEWALK,false,false,1115,011,28,26,08B,1148227,1899678,2015,09/30/2015 03:35:37 PM,41.880660786,-87.731186405,"(41.880660786, -87.731186405)"
10248050,HY435699,09/23/2015 08:30:00 PM,0000X S DEARBORN ST,0460,BATTERY,SIMPLE,SIDEWALK,true,false,0112,001,42,32,08B,1175952,1900027,2015,09/30/2015 03:35:37 PM,41.881039549,-87.62937262,"(41.881039549, -87.62937262)"
10248129,HY435720,09/23/2015 08:30:00 PM,094XX S MICHIGAN AVE,031A,ROBBERY,ARMED: HANDGUN,ALLEY,false,false,0634,006,6,49,03,1178811,1842500,2015,09/30/2015 03:35:37 PM,41.723115453,-87.620626193,"(41.723115453, -87.620626193)"
10248216,HY435727,09/23/2015 08:30:00 PM,042XX W HIRSCH ST,0486,BATTERY,DOMESTIC BATTERY SIMPLE,APARTMENT,false,true,2534,025,37,23,08B,1147686,1908980,2015,09/30/2015 03:35:37 PM,41.906196882,-87.732933918,"(41.906196882, -87.732933918)"
10248037,HY435698,09/23/2015 08:23:00 PM,038XX W MONROE ST,0498,BATTERY,AGGRAVATED DOMESTIC BATTERY: HANDS/FIST/FEET SERIOUS INJURY,STREET,false,true,1122,011,28,26,04B,1150782,1899386,2015,09/30/2015 03:35:37 PM,41.879809931,-87.721812233,"(41.879809931, -87.721812233)"
10248168,HY435764,09/23/2015 08:23:00 PM,051XX S SAWYER AVE,041A,BATTERY,AGGRAVATED: HANDGUN,ALLEY,false,false,0822,008,14,63,04B,1155579,1870429,2015,09/30/2015 03:35:37 PM,41.800253318,-87.704976073,"(41.800253318, -87.704976073)"
10248094,HY435794,09/23/2015 08:20:00 PM,062XX S ARTESIAN AVE,1661,GAMBLING,GAME/DICE,SIDEWALK,true,false,0825,008,15,66,19,1161109,1863237,2015,09/30/2015 03:35:37 PM,41.780404794,-87.684894699,"(41.780404794, -87.684894699)"
10248074,HY435715,09/23/2015 08:20:00 PM,075XX S RACINE AVE,0560,ASSAULT,SIMPLE,TAVERN/LIQUOR STORE,false,false,0612,006,17,71,08A,1169629,1854690,2015,09/30/2015 03:35:37 PM,41.756770198,-87.653906431,"(41.756770198, -87.653906431)"
10248006,HY435695,09/23/2015 08:19:00 PM,055XX W CORCORAN PL,1811,NARCOTICS,POSS: CANNABIS 30GMS OR LESS,SIDEWALK,true,false,1523,015,28,25,18,1139107,1902008,2015,09/30/2015 03:35:37 PM,41.887225312,-87.764618008,"(41.887225312, -87.764618008)"
10248175,HY435755,09/23/2015 08:10:00 PM,007XX N LAWNDALE AVE,1811,NARCOTICS,POSS: CANNABIS 30GMS OR LESS,STREET,true,false,1112,011,27,23,18,1151587,1904667,2015,09/30/2015 03:35:37 PM,41.894285768,-87.718717474,"(41.894285768, -87.718717474)"
10248090,HY435722,09/23/2015 08:10:00 PM,001XX E WACKER DR,0460,BATTERY,SIMPLE,HOTEL/MOTEL,true,false,0114,001,42,32,08B,1177683,1902638,2015,09/30/2015 03:35:37 PM,41.888165132,-87.622937212,"(41.888165132, -87.622937212)"
10248493,HY436133,09/23/2015 08:00:00 PM,003XX N CLARK ST,0820,THEFT,$500 AND UNDER,RESTAURANT,false,false,1831,018,42,8,06,1175479,1902565,2015,09/30/2015 03:35:37 PM,41.8880146,-87.631033159,"(41.8880146, -87.631033159)"
10249551,HY436744,09/23/2015 08:00:00 PM,053XX W FOSTER AVE,0610,BURGLARY,FORCIBLE ENTRY,RESIDENCE-GARAGE,false,false,1623,016,45,11,05,1139776,1934066,2015,09/30/2015 03:35:37 PM,41.975183621,-87.761375855,"(41.975183621, -87.761375855)"
10251270,HY437725,09/23/2015 08:00:00 PM,031XX S SHIELDS AVE,0810,THEFT,OVER $500,OTHER,false,false,0915,009,11,34,06,,,2015,09/30/2015 03:35:37 PM,,,
10248227,HY435800,09/23/2015 08:00:00 PM,041XX W 58TH ST,1320,CRIMINAL DAMAGE,TO VEHICLE,STREET,false,false,0813,008,13,62,14,1149717,1865820,2015,09/30/2015 03:35:37 PM,41.787721098,-87.72659335,"(41.787721098, -87.72659335)"
10248190,HY435688,09/23/2015 08:00:00 PM,060XX S ALBANY AVE,0486,BATTERY,DOMESTIC BATTERY SIMPLE,APARTMENT,false,true,0823,008,16,66,08B,1156749,1864505,2015,09/30/2015 03:35:37 PM,41.78397348,-87.700845127,"(41.78397348, -87.700845127)"
10247977,HY435693,09/23/2015 08:00:00 PM,002XX N MOZART ST,2024,NARCOTICS,POSS: HEROIN(WHITE),ALLEY,true,false,1222,012,2,27,18,1157378,1901197,2015,09/30/2015 03:35:37 PM,41.884647965,-87.69754325,"(41.884647965, -87.69754325)"
10248001,HY435673,09/23/2015 08:00:00 PM,073XX N DAMEN AVE,0486,BATTERY,DOMESTIC BATTERY SIMPLE,SIDEWALK,false,true,2424,024,49,1,08B,1161661,1948940,2015,09/30/2015 03:35:37 PM,42.01556919,-87.680480001,"(42.01556919, -87.680480001)"
10254442,HY442361,09/23/2015 08:00:00 PM,036XX N LAKE SHORE DR,0810,THEFT,OVER $500,STREET,false,false,1925,019,46,6,06,,,2015,09/30/2015 03:35:37 PM,,,
10250794,HY438247,09/23/2015 08:00:00 PM,066XX S MOZART ST,0820,THEFT,$500 AND UNDER,RESIDENTIAL YARD (FRONT/BACK),false,false,0831,008,15,66,06,1158521,1860508,2015,09/30/2015 03:35:37 PM,41.772969186,-87.694457138,"(41.772969186, -87.694457138)"
10249601,HY435687,09/23/2015 08:00:00 PM,032XX W 38TH ST,051A,ASSAULT,AGGRAVATED: HANDGUN,SIDEWALK,false,false,0911,009,12,58,04A,1155423,1879223,2015,09/30/2015 03:35:37 PM,41.824388353,-87.705312492,"(41.824388353, -87.705312492)"
